{
  "coverage": 0.9,
  "residual_std": 0.24952754854547954,
  "ensemble_std_scale": 1.0,
  "is_fitted": true,
  "saved_at": "2025-12-01T02:37:12.980998"
}