{
  "coverage": 0.9,
  "residual_std": 0.01101607936710969,
  "ensemble_std_scale": 1.0,
  "is_fitted": true,
  "saved_at": "2025-12-01T05:52:51.040188"
}