{
  "coverage": 0.9,
  "residual_std": 0.00956879576899102,
  "ensemble_std_scale": 1.0,
  "is_fitted": true,
  "saved_at": "2025-12-01T04:42:30.060603"
}