{
  "coverage": 0.9,
  "residual_std": 0.22748400358984944,
  "ensemble_std_scale": 1.0,
  "is_fitted": true,
  "saved_at": "2025-12-01T14:48:04.655374"
}