{
  "coverage": 0.9,
  "residual_std": 0.05383338481682794,
  "ensemble_std_scale": 1.0,
  "is_fitted": true,
  "saved_at": "2025-12-01T03:28:10.835781"
}