{
  "coverage": 0.9,
  "residual_std": 0.01318772315206068,
  "ensemble_std_scale": 1.0,
  "is_fitted": true,
  "saved_at": "2025-12-01T04:18:09.152040"
}