{
  "coverage": 0.9,
  "residual_std": 0.020397792903416288,
  "ensemble_std_scale": 1.0,
  "is_fitted": true,
  "saved_at": "2025-12-01T18:38:11.647513"
}