{
  "coverage": 0.9,
  "residual_std": 0.6005454101744828,
  "ensemble_std_scale": 1.0,
  "is_fitted": true,
  "saved_at": "2025-12-01T02:28:51.941650"
}