{
  "coverage": 0.9,
  "residual_std": 0.298586482070057,
  "ensemble_std_scale": 1.0,
  "is_fitted": true,
  "saved_at": "2025-11-30T20:34:43.448187"
}