{
  "coverage": 0.9,
  "residual_std": 0.036507651849393224,
  "ensemble_std_scale": 1.0,
  "is_fitted": true,
  "saved_at": "2025-12-01T04:04:12.855527"
}