{
  "coverage": 0.9,
  "residual_std": 0.009994823867132947,
  "ensemble_std_scale": 1.0,
  "is_fitted": true,
  "saved_at": "2025-12-01T07:54:14.090127"
}