{
  "coverage": 0.9,
  "residual_std": 0.19504842891147303,
  "ensemble_std_scale": 1.0,
  "is_fitted": true,
  "saved_at": "2025-12-01T16:38:11.231995"
}