{
  "trained_at": "2025-11-27T15:57:11.719407",
  "n_samples": 15,
  "feature_dim": 30,
  "hidden_layers": [
    64,
    32
  ],
  "metrics": {
    "regime_accuracy": 0.5333333333333333,
    "risk_accuracy": 0.6,
    "score_mae": 2.0832020069944583
  }
}