{
  "summary": {
    "num_scenarios": 15,
    "num_trades": 40,
    "total_pnl": 840.0803118391477,
    "win_rate": 37.5,
    "avg_win": 5.347035287876689,
    "avg_loss": -2.7766234342972624,
    "profit_factor": 1.2425686736187753,
    "run_time_seconds": 0.009815
  },
  "by_scenario": {
    "correlation_breakdown": {
      "count": 10,
      "wins": 3,
      "total_pnl": -17.884759247912626,
      "avg_pnl": -1.7884759247912627,
      "win_rate": 30.0
    },
    "liquidity_void": {
      "count": 6,
      "wins": 2,
      "total_pnl": 206.1791198599271,
      "avg_pnl": 34.363186643321185,
      "win_rate": 33.33333333333333
    },
    "volatility_spike": {
      "count": 4,
      "wins": 2,
      "total_pnl": 463.2933602838814,
      "avg_pnl": 115.82334007097035,
      "win_rate": 50.0
    },
    "black_swan": {
      "count": 13,
      "wins": 4,
      "total_pnl": -501.77566007117684,
      "avg_pnl": -38.598127697782836,
      "win_rate": 30.76923076923077
    },
    "momentum_exhaustion": {
      "count": 3,
      "wins": 2,
      "total_pnl": 512.4227106639366,
      "avg_pnl": 170.8075702213122,
      "win_rate": 66.66666666666666
    },
    "squeeze": {
      "count": 4,
      "wins": 2,
      "total_pnl": 177.8455403504918,
      "avg_pnl": 44.46138508762295,
      "win_rate": 50.0
    }
  },
  "by_label": {
    "STRONG_LOSS": 21,
    "STRONG_WIN": 12,
    "MARGINAL_WIN": 2,
    "SCRATCH": 3,
    "WIN": 1,
    "LOSS": 1
  },
  "num_training_samples": 40
}