{
  "summary": {
    "num_scenarios": 20,
    "num_trades": 67,
    "total_pnl": 10084.433542165578,
    "win_rate": 67.16417910447761,
    "avg_win": 5.400677260496822,
    "avg_loss": -2.648344602922631,
    "profit_factor": 4.242273632643663,
    "run_time_seconds": 0.015152
  },
  "by_scenario": {
    "black_swan": {
      "count": 15,
      "wins": 9,
      "total_pnl": 1798.7067783924426,
      "avg_pnl": 119.91378522616284,
      "win_rate": 60.0
    },
    "gap_event": {
      "count": 16,
      "wins": 11,
      "total_pnl": 2202.1072968310264,
      "avg_pnl": 137.63170605193915,
      "win_rate": 68.75
    },
    "correlation_breakdown": {
      "count": 6,
      "wins": 4,
      "total_pnl": 954.3814760559897,
      "avg_pnl": 159.06357934266495,
      "win_rate": 66.66666666666666
    },
    "squeeze": {
      "count": 10,
      "wins": 7,
      "total_pnl": 1739.4088836809453,
      "avg_pnl": 173.94088836809453,
      "win_rate": 70.0
    },
    "flash_crash": {
      "count": 6,
      "wins": 5,
      "total_pnl": 1224.413065612958,
      "avg_pnl": 204.06884426882633,
      "win_rate": 83.33333333333334
    },
    "momentum_exhaustion": {
      "count": 9,
      "wins": 7,
      "total_pnl": 2112.798191253954,
      "avg_pnl": 234.75535458377266,
      "win_rate": 77.77777777777779
    },
    "liquidity_void": {
      "count": 5,
      "wins": 2,
      "total_pnl": 52.6178503382627,
      "avg_pnl": 10.523570067652539,
      "win_rate": 40.0
    }
  },
  "by_label": {
    "STRONG_LOSS": 16,
    "LOSS": 3,
    "STRONG_WIN": 35,
    "SCRATCH": 4,
    "MARGINAL_WIN": 5,
    "WIN": 4
  },
  "num_training_samples": 67
}