{
  "summary": {
    "num_scenarios": 10,
    "num_trades": 28,
    "total_pnl": 1266.2222126382387,
    "win_rate": 46.42857142857143,
    "avg_win": 4.260487384035858,
    "avg_loss": -2.4484669892190425,
    "profit_factor": 1.6338199535956788,
    "run_time_seconds": 0.010294
  },
  "by_scenario": {
    "correlation_breakdown": {
      "count": 1,
      "wins": 1,
      "total_pnl": 53.77626136102741,
      "avg_pnl": 53.77626136102741,
      "win_rate": 100.0
    },
    "momentum_exhaustion": {
      "count": 8,
      "wins": 5,
      "total_pnl": 1586.3049502764466,
      "avg_pnl": 198.28811878455582,
      "win_rate": 62.5
    },
    "liquidity_void": {
      "count": 6,
      "wins": 2,
      "total_pnl": -458.457599202129,
      "avg_pnl": -76.4095998670215,
      "win_rate": 33.33333333333333
    },
    "flash_crash": {
      "count": 2,
      "wins": 1,
      "total_pnl": 122.84434228718023,
      "avg_pnl": 61.42217114359011,
      "win_rate": 50.0
    },
    "gap_event": {
      "count": 1,
      "wins": 1,
      "total_pnl": 306.6869964882426,
      "avg_pnl": 306.6869964882426,
      "win_rate": 100.0
    },
    "squeeze": {
      "count": 7,
      "wins": 3,
      "total_pnl": 63.76283586248198,
      "avg_pnl": 9.10897655178314,
      "win_rate": 42.857142857142854
    },
    "volatility_spike": {
      "count": 2,
      "wins": 0,
      "total_pnl": -243.69198303761777,
      "avg_pnl": -121.84599151880889,
      "win_rate": 0.0
    },
    "black_swan": {
      "count": 1,
      "wins": 0,
      "total_pnl": -165.00359139739322,
      "avg_pnl": -165.00359139739322,
      "win_rate": 0.0
    }
  },
  "by_label": {
    "MARGINAL_WIN": 3,
    "SCRATCH": 1,
    "STRONG_WIN": 6,
    "STRONG_LOSS": 11,
    "LOSS": 3,
    "WIN": 4
  },
  "num_training_samples": 28
}