{
  "version": "3.0.0",
  "model_size": "big",
  "trained_at": "2025-12-01T16:38:11.233586",
  "training_samples": 1068,
  "data_sources": {
    "polygon": {
      "symbols": 0,
      "bars": 0
    },
    "alpaca": {
      "symbols": 5,
      "bars": 2684
    }
  },
  "lookback_days": 30,
  "metrics": {
    "quantrascore_rmse": 0.19818179145088674,
    "runner_accuracy": 0.9906103286384976,
    "quality_accuracy": 0.9014084507042254,
    "avoid_accuracy": 1.0,
    "regime_accuracy": 0.9107981220657277,
    "timing_accuracy": 0.9436619718309859,
    "runup_rmse": 7.580067994713702e-05,
    "runup_mae": 2.0448680581258594e-05,
    "training_samples": 1068,
    "validation_samples": 213
  },
  "note": "Trained on real market data with actual outcome labels"
}