{
  "version": "3.0.0",
  "model_size": "big",
  "trained_at": "2025-12-01T04:42:30.061974",
  "training_samples": 22124,
  "data_sources": {
    "polygon": {
      "symbols": 29,
      "bars": 14254
    },
    "alpaca": {
      "symbols": 30,
      "bars": 36446
    }
  },
  "lookback_days": 365,
  "metrics": {
    "quantrascore_rmse": 0.009569874945966379,
    "runner_accuracy": 0.9385171790235082,
    "quality_accuracy": 0.7976943942133815,
    "avoid_accuracy": 0.983499095840868,
    "regime_accuracy": 0.918625678119349,
    "training_samples": 22124,
    "validation_samples": 4424
  },
  "note": "Trained on real market data with actual outcome labels"
}