{
  "version": "3.0.0",
  "model_size": "big",
  "trained_at": "2025-12-01T04:18:09.152723",
  "training_samples": 11287,
  "data_sources": {
    "polygon": {
      "symbols": 29,
      "bars": 14254
    },
    "alpaca": {
      "symbols": 30,
      "bars": 14754
    }
  },
  "lookback_days": 730,
  "metrics": {
    "quantrascore_rmse": 0.013187901755063288,
    "runner_accuracy": 0.9357554275587062,
    "quality_accuracy": 0.795303500221533,
    "avoid_accuracy": 0.9805050952591936,
    "regime_accuracy": 0.9211342490031015,
    "training_samples": 11287,
    "validation_samples": 2257
  },
  "note": "Trained on real market data with actual outcome labels"
}