{
  "version": "3.0.0",
  "model_size": "big",
  "trained_at": "2025-12-01T07:54:14.090715",
  "training_samples": 107978,
  "data_sources": {
    "polygon": {
      "symbols": 0,
      "bars": 0
    },
    "alpaca": {
      "symbols": 59,
      "bars": 222412
    }
  },
  "lookback_days": 730,
  "metrics": {
    "quantrascore_rmse": 0.009994862761442722,
    "runner_accuracy": 0.9888400092614031,
    "quality_accuracy": 0.937531836073165,
    "avoid_accuracy": 0.999073859689743,
    "regime_accuracy": 0.9524890020838157,
    "training_samples": 107978,
    "validation_samples": 21595
  },
  "note": "Trained on real market data with actual outcome labels"
}