{
  "version": "3.0.0",
  "model_size": "big",
  "trained_at": "2025-12-01T02:37:12.983053",
  "training_samples": 420,
  "data_sources": {
    "polygon": {
      "symbols": 15,
      "bars": 3735
    },
    "alpaca": {
      "symbols": 0,
      "bars": 0
    }
  },
  "lookback_days": 365,
  "metrics": {
    "quantrascore_rmse": 0.25093938594146464,
    "runner_accuracy": 0.9642857142857143,
    "quality_accuracy": 0.7857142857142857,
    "avoid_accuracy": 0.9880952380952381,
    "regime_accuracy": 0.8690476190476191,
    "training_samples": 420,
    "validation_samples": 84
  },
  "note": "Trained on real market data with actual outcome labels"
}