{
  "version": "3.0.0",
  "model_size": "big",
  "trained_at": "2025-12-01T04:04:12.856028",
  "training_samples": 3951,
  "data_sources": {
    "polygon": {
      "symbols": 29,
      "bars": 7004
    },
    "alpaca": {
      "symbols": 30,
      "bars": 7254
    }
  },
  "lookback_days": 365,
  "metrics": {
    "quantrascore_rmse": 0.03653963490670654,
    "runner_accuracy": 0.9329113924050633,
    "quality_accuracy": 0.7936708860759494,
    "avoid_accuracy": 0.9860759493670886,
    "regime_accuracy": 0.9063291139240506,
    "training_samples": 3951,
    "validation_samples": 790
  },
  "note": "Trained on real market data with actual outcome labels"
}