{
  "version": "3.0.0",
  "model_size": "big",
  "trained_at": "2025-12-01T18:38:11.650356",
  "training_samples": 6085,
  "data_sources": {
    "alpaca": {
      "symbols": 29,
      "bars": 32397
    }
  },
  "lookback_days": 60,
  "metrics": {
    "quantrascore_rmse": 0.020401577976175016,
    "runner_accuracy": 0.9498767460969597,
    "quality_accuracy": 0.8167625308134757,
    "avoid_accuracy": 0.9934264585045193,
    "regime_accuracy": 0.8594905505341003,
    "timing_accuracy": 0.8833196384552178,
    "runup_rmse": 0.0002649362711176782,
    "runup_mae": 1.6385895712925095e-05,
    "training_samples": 6085,
    "validation_samples": 1217
  },
  "note": "Swing trade model - diverse symbols"
}