{
  "version": "3.0.0",
  "model_size": "big",
  "trained_at": "2025-12-01T03:00:16.245958",
  "training_samples": 2100,
  "data_sources": {
    "polygon": {
      "symbols": 30,
      "bars": 7470
    },
    "alpaca": {
      "symbols": 0,
      "bars": 0
    }
  },
  "lookback_days": 365,
  "metrics": {
    "quantrascore_rmse": 0.05008453198895024,
    "runner_accuracy": 0.9404761904761905,
    "quality_accuracy": 0.8023809523809524,
    "avoid_accuracy": 0.9761904761904762,
    "regime_accuracy": 0.8785714285714286,
    "training_samples": 2100,
    "validation_samples": 420
  },
  "note": "Trained on real market data with actual outcome labels"
}