{
  "version": "3.0.0",
  "model_size": "big",
  "trained_at": "2025-12-01T03:28:10.836278",
  "training_samples": 1960,
  "data_sources": {
    "polygon": {
      "symbols": 29,
      "bars": 7004
    },
    "alpaca": {
      "symbols": 0,
      "bars": 0
    }
  },
  "lookback_days": 365,
  "metrics": {
    "quantrascore_rmse": 0.0538958325393153,
    "runner_accuracy": 0.923469387755102,
    "quality_accuracy": 0.7755102040816326,
    "avoid_accuracy": 0.9693877551020408,
    "regime_accuracy": 0.9209183673469388,
    "training_samples": 1960,
    "validation_samples": 392
  },
  "note": "Trained on real market data with actual outcome labels"
}